dr7objid,dr8objid,distance,RA,DEC,petroR50_r,petroR90_r
0,1237671264962150496,0,192.49111,5.31141,0.0,53.92
0,1237671264962150496,0,192.49111,5.31141,0.0,53.92